season,model,accuracy,log_loss,brier_score,n_matches
2013,naive_base_rate,0.4710526315789474,1.0559017465094775,0.6370478126178105,380
2013,elo_logistic,0.5973684210526315,0.946264043894285,0.552687015695526,380
2013,baseline_logistic,0.5921052631578947,0.9446838947820457,0.5517789251426042,380
2013,poisson,0.5894736842105263,0.9535254856993636,0.5620873768562095,380
2013,random_forest,0.5921052631578947,0.9498687011530295,0.5575935179321485,380
2013,xgboost,0.5868421052631579,0.9552529454231262,0.558327853679657,380
2014,naive_base_rate,0.45263157894736844,1.0668413075145273,0.6447599496862456,380
2014,elo_logistic,0.5342105263157895,0.9907173675581823,0.5859534544524055,380
2014,baseline_logistic,0.5368421052631579,0.9931502650751397,0.5871355196507191,380
2014,poisson,0.5394736842105263,0.9807812000333365,0.5821805194293748,380
2014,random_forest,0.5342105263157895,0.9909270499196442,0.5885558514659482,380
2014,xgboost,0.5210526315789473,0.994059681892395,0.5897178053855896,380
2015,naive_base_rate,0.4131578947368421,1.0900308825044402,0.6610988611880578,380
2015,elo_logistic,0.45789473684210524,1.0482729094288374,0.6289808260211147,380
2015,baseline_logistic,0.4631578947368421,1.0487671330574113,0.6288211310435475,380
2015,poisson,0.4342105263157895,1.0501210054826642,0.6330946368736332,380
2015,random_forest,0.46578947368421053,1.0385329089033968,0.6238596253822818,380
2015,xgboost,0.4631578947368421,1.0469350814819336,0.6283535361289978,380
2016,naive_base_rate,0.4921052631578947,1.0445590513028584,0.6289473684210528,380
2016,elo_logistic,0.5868421052631579,0.9260959130942449,0.5462337337660594,380
2016,baseline_logistic,0.5894736842105263,0.9251787642458708,0.5452916966953614,380
2016,poisson,0.5842105263157895,0.9599428639264246,0.5691839221357391,380
2016,random_forest,0.5894736842105263,0.9316800997938165,0.5494625101379891,380
2016,xgboost,0.5789473684210527,0.92792809009552,0.5491628050804138,380
2017,naive_base_rate,0.45526315789473687,1.066392306624117,0.6442240412541097,380
2017,elo_logistic,0.5552631578947368,0.9602269531182365,0.5701310892973114,380
2017,baseline_logistic,0.55,0.9620749409224809,0.5707019580390825,380
2017,poisson,0.5368421052631579,0.9710784088696471,0.5763261640594626,380
2017,random_forest,0.5526315789473685,0.9589013647581368,0.5699633716940762,380
2017,xgboost,0.5368421052631579,0.9660307168960571,0.5720998048782349,380
2018,naive_base_rate,0.4763157894736842,1.0491796644874392,0.6329441110085154,380
2018,elo_logistic,0.5763157894736842,0.9139008329204462,0.5333058242657241,380
2018,baseline_logistic,0.5763157894736842,0.9115621443925163,0.5317598252552516,380
2018,poisson,0.5868421052631579,0.9140599845557225,0.5362276270888733,380
2018,random_forest,0.5763157894736842,0.9239912500418903,0.5427011027778316,380
2018,xgboost,0.5710526315789474,0.9222506880760193,0.5386407971382141,380
2019,naive_base_rate,0.45263157894736844,1.0656622278712427,0.64409078352683,380
2019,elo_logistic,0.5236842105263158,0.9807734148860959,0.5821572612926786,380
2019,baseline_logistic,0.5263157894736842,0.9818892527466738,0.5825632362230092,380
2019,poisson,0.5105263157894737,0.9777048800572354,0.5813066277836854,380
2019,random_forest,0.5210526315789473,0.990328337758529,0.588936987109969,380
2019,xgboost,0.5289473684210526,0.9979513883590698,0.5918140411376953,380
2020,naive_base_rate,0.37894736842105264,1.098981894737974,0.669105367036011,380
2020,elo_logistic,0.5026315789473684,1.0504607717375825,0.620861586876422,380
2020,baseline_logistic,0.5026315789473684,1.0482483974241712,0.6195112344059498,380
2020,poisson,0.5131578947368421,1.032643206640577,0.6172720353461292,380
2020,random_forest,0.49473684210526314,1.035218791907902,0.6165299311316013,380
2020,xgboost,0.5052631578947369,1.043613076210022,0.6188215017318726,380
2021,naive_base_rate,0.42894736842105263,1.0744799576471682,0.6509630592772658,380
2021,elo_logistic,0.5473684210526316,0.9531852848896829,0.5649808102843499,380
2021,baseline_logistic,0.5631578947368421,0.9486646713787916,0.5624066933455009,380
2021,poisson,0.5289473684210526,0.9611881913958209,0.5695080789143686,380
2021,random_forest,0.55,0.9733853252088577,0.5774162283375099,380
2021,xgboost,0.5605263157894737,0.970909595489502,0.5738292932510376,380
2022,naive_base_rate,0.4842105263157895,1.0485027842145096,0.6319303873537695,380
2022,elo_logistic,0.5368421052631579,0.9816717703281845,0.5836167262406602,380
2022,baseline_logistic,0.531578947368421,0.9862829466450685,0.5869821640792275,380
2022,poisson,0.5052631578947369,1.0201894323340472,0.611060053974234,380
2022,random_forest,0.5342105263157895,0.9743107979751874,0.5798098153900542,380
2022,xgboost,0.5421052631578948,0.9822633266448975,0.5850183367729187,380
2023,naive_base_rate,0.4605263157894737,1.0570668300132047,0.6386837654278968,380
2023,elo_logistic,0.5842105263157895,0.9266533682280992,0.5459830961110044,380
2023,baseline_logistic,0.5921052631578947,0.9276940112902659,0.5464560998694645,380
2023,poisson,0.5578947368421052,0.951667140385736,0.5622040497921662,380
2023,random_forest,0.5815789473684211,0.9378911553269982,0.5529716762680972,380
2023,xgboost,0.5736842105263158,0.9423410296440125,0.5566996335983276,380
2024,naive_base_rate,0.40789473684210525,1.085419931336821,0.6587492064866113,380
2024,elo_logistic,0.5105263157894737,0.998636772860638,0.597668548182661,380
2024,baseline_logistic,0.5052631578947369,1.0000431635811502,0.5989827015912208,380
2024,poisson,0.47368421052631576,1.0251826381441345,0.6154601404886791,380
2024,random_forest,0.5184210526315789,1.0078863884567475,0.6030582993567521,380
2024,xgboost,0.5078947368421053,1.0061148405075073,0.6016413569450378,380
2025,naive_base_rate,0.4263157894736842,1.0818351636341728,0.6550827479224377,380
2025,elo_logistic,0.4763157894736842,1.0326549195471197,0.6218309483416103,380
2025,baseline_logistic,0.4842105263157895,1.0346599861657182,0.6228224434357749,380
2025,poisson,0.4763157894736842,1.0346087866787523,0.621403355140637,380
2025,random_forest,0.47368421052631576,1.0358191519723892,0.6230972857722821,380
2025,xgboost,0.46842105263157896,1.047684669494629,0.6301377415657043,380
2026,naive_base_rate,0.36,1.1186293521112045,0.6807328959661689,50
2026,elo_logistic,0.46,1.0417236431447718,0.6276553453623097,50
2026,baseline_logistic,0.46,1.0469155655745297,0.6309236205999099,50
2026,poisson,0.46,1.031971171329333,0.6164220023655212,50
2026,random_forest,0.46,1.0478853845774214,0.6324637125090641,50
2026,xgboost,0.48,1.0265825986862183,0.6178197264671326,50
