player,born,nation,minutes_90s,season_goals,season_assists,season_start_year
Aaron Hickey,2002,SCO,7.7,0,0,2025
Aaron Ramsdale,1998,ENG,11.2,0,0,2025
Aaron Wan-Bissaka,1997,COD,23.1,0,2,2025
Abdukodir Khusanov,2004,UZB,15.9,0,0,2025
Adam Armstrong,1997,ENG,12.7,2,2,2025
Adam Smith,1991,ENG,12.0,0,2,2025
Adam Wharton,2004,ENG,28.4,1,5,2025
Adama Traoré,1996,ESP,4.3,0,0,2025
Adrien Truffert,2001,FRA,37.5,1,5,2025
Alejandro Garnacho,2004,ARG,14.1,1,4,2025
Alex Iwobi,1996,NGA,26.9,4,3,2025
Alex Murphy,2004,IRL,0.1,0,0,2025
Alex Scott,2003,ENG,31.7,3,1,2025
Alex Tóth,2005,HUN,1.6,0,0,2025
Alexander Isak,1999,SWE,7.8,3,1,2025
Alexis Mac Allister,1998,ARG,29.5,2,4,2025
Alisson,1992,BRA,26.0,0,0,2025
Alphonse Areola,1993,FRA,20.0,0,1,2025
Altay Bayındır,1998,TUR,6.0,0,0,2025
Alysson,2006,BRA,0.5,0,0,2025
Amad Diallo,2002,CIV,26.0,2,3,2025
Amadou Onana,2001,BEL,19.5,2,0,2025
Amine Adli,2000,MAR,12.2,3,1,2025
Andrey Santos,2004,BRA,14.0,1,0,2025
André,2001,BRA,30.7,1,0,2025
Andrés García,2003,ESP,1.0,0,0,2025
Andy Irving,2000,SCO,1.8,0,0,2025
Andy Robertson,1994,SCO,13.1,1,0,2025
Angel Gomes,2000,ENG,5.1,0,0,2025
Angus Gunn,1996,SCO,0.5,0,0,2025
Anthony Elanga,2002,SWE,14.7,0,1,2025
Anthony Gordon,2001,ENG,19.9,6,2,2025
Antoine Semenyo,2000,GHA,35.5,17,4,2025
Anton Stach,1998,GER,26.3,5,3,2025
Antonee Robinson,1997,USA,16.6,1,0,2025
Antoni Milambo,2005,NED,0.5,0,0,2025
Antonín Kinský,2003,CZE,7.0,0,0,2025
Ao Tanaka,1998,JPN,14.6,2,0,2025
Archie Gray,2006,ENG,16.4,2,2,2025
Armando Broja,2001,ALB,9.6,1,1,2025
Arnaud Kalimuendo,2002,FRA,1.1,0,0,2025
Arthur Masuaku,1993,COD,1.4,0,0,2025
Ashley Barnes,1989,ENG,0.5,0,0,2025
Axel Disasi,1998,FRA,13.9,0,0,2025
Axel Tuanzebe,1997,COD,13.3,1,0,2025
Ayden Heaven,2006,ENG,10.3,0,1,2025
Bafodé Diakité,2001,FRA,14.2,0,0,2025
Bart Verbruggen,2002,NED,38.0,0,0,2025
Bashir Humphreys,2003,ENG,17.5,0,0,2025
Ben Davies,1993,WAL,1.5,1,0,2025
Ben Gannon-Doak,2005,SCO,1.3,0,1,2025
Ben White,1997,ENG,7.8,0,1,2025
Ben Winterburn,2004,ENG,0.1,0,0,2025
Bendito Mantato,2008,ENG,0.2,0,0,2025
Benjamin Šeško,2003,SVN,18.3,11,1,2025
Benoît Badiashile,2001,FRA,5.2,0,0,2025
Bernardo Silva,1994,POR,31.9,2,4,2025
Bernd Leno,1992,GER,38.0,0,0,2025
Bertrand Traoré,1995,BFA,7.0,1,0,2025
Beto,1998,GNB,17.4,9,1,2025
Borna Sosa,1998,CRO,1.1,0,0,2025
Boubacar Kamara,1999,FRA,15.7,1,3,2025
Bradley Burrowes,2008,ENG,0.2,0,0,2025
Brajan Gruda,2004,GER,8.0,1,1,2025
Brenden Aaronson,2000,USA,27.2,4,5,2025
Brennan Johnson,2001,WAL,19.2,2,1,2025
Brian Brobbey,2002,NED,21.4,7,1,2025
Bruno Fernandes,1994,POR,34.0,9,21,2025
Bruno Guimarães,1997,BRA,27.3,9,5,2025
Bryan Mbeumo,1999,CMR,29.0,11,3,2025
Bukayo Saka,2001,ENG,24.7,7,5,2025
Callum Hudson-Odoi,2000,ENG,20.5,3,4,2025
Callum Marshall,2004,NIR,0.7,0,0,2025
Callum Olusesi,2007,ENG,0.2,0,0,2025
Callum Wilson,1992,ENG,13.9,7,1,2025
Calvin Bassey,1999,NGA,28.2,1,0,2025
Caoimhín Kelleher,1998,IRL,37.0,0,0,2025
Carlos Alcaraz,2002,ARG,7.7,0,1,2025
Carlos Baleba,2004,CMR,18.4,0,0,2025
Casemiro,1992,BRA,28.6,9,2,2025
Chadi Riad,2003,MAR,6.1,0,1,2025
Charalampos Kostoulas,2007,GRE,4.1,2,1,2025
Chemsdine Talbi,2005,MAR,17.3,4,1,2025
Chris Richards,2000,USA,31.4,1,0,2025
Chris Rigg,2007,ENG,8.5,1,1,2025
Chris Wood,1991,NZL,10.0,3,0,2025
Christantus Uche,2003,NGA,1.9,0,0,2025
Christian Nørgaard,1994,DEN,1.2,0,0,2025
Cody Gakpo,1999,NED,30.4,7,5,2025
Cole Palmer,2002,ENG,21.7,10,1,2025
Conor Bradley,2003,NIR,10.3,0,1,2025
Conor Gallagher,2000,ENG,13.2,1,1,2025
Cristhian Mosquera,2004,ESP,11.0,0,0,2025
Cristian Romero,1998,ARG,20.8,4,1,2025
Crysencio Summerville,2001,NED,27.4,5,2,2025
Curtis Jones,2001,ENG,21.5,1,2,2025
Daichi Kamada,1996,JPN,21.1,0,0,2025
Dan Burn,1992,ENG,24.4,1,2,2025
Dan Ndoye,2000,SUI,13.0,1,1,2025
Dan Neil,2001,ENG,0.2,0,0,2025
Dane Scarlett,2004,ENG,0.1,0,0,2025
Dango Ouattara,2002,BFA,25.3,7,3,2025
Daniel Ballard,1999,NIR,23.9,2,0,2025
Daniel Bentley,1993,ENG,3.0,0,0,2025
Daniel James,1997,WAL,6.2,0,0,2025
Daniel Muñoz,1996,COL,26.7,4,3,2025
Danny Welbeck,1990,ENG,25.1,13,1,2025
Dario Essugo,2005,POR,0.3,0,0,2025
David Brooks,1997,WAL,13.4,1,3,2025
David Møller Wolfe,2002,NOR,11.7,0,2,2025
David Raya,1995,ESP,37.0,0,0,2025
Dean Henderson,1997,ENG,37.0,0,0,2025
Declan Rice,1999,ENG,34.4,4,5,2025
Dennis Cirkin,2002,LVA,3.6,0,0,2025
Destiny Udogie,2002,ITA,14.9,0,1,2025
Diego Coppola,2003,ITA,2.2,0,0,2025
Diego Gómez,2003,PAR,23.6,5,1,2025
Dilane Bakwa,2002,FRA,6.1,0,2,2025
Diogo Dalot,1999,POR,29.0,1,3,2025
Divine Mukasa,2007,ENG,0.3,0,0,2025
Djed Spence,2000,ENG,22.8,0,0,2025
Dominic Calvert-Lewin,1997,ENG,30.2,14,1,2025
Dominic Solanke,1997,ENG,11.1,3,0,2025
Dominik Szoboszlai,2000,HUN,35.9,6,7,2025
Donyell Malen,1999,NED,7.3,4,1,2025
Douglas Luiz,1998,BRA,10.2,1,0,2025
Dwight McNeil,1999,ENG,13.0,0,1,2025
Eberechi Eze,1998,ENG,21.0,7,2,2025
Eddie Nketiah,1999,ENG,4.7,2,0,2025
El Hadji Malick Diouf,2004,SEN,30.1,0,5,2025
Eli Junior Kroupi,2006,FRA,18.6,13,0,2025
Eliezer Mayenda,2005,ESP,8.4,2,0,2025
Elliot Anderson,2002,ENG,37.0,4,4,2025
Emi Buendía,1996,ARG,19.5,6,2,2025
Emil Krafth,1994,SWE,0.5,0,0,2025
Emile Smith Rowe,2000,ENG,21.4,3,0,2025
Emiliano Martínez,1992,ARG,31.5,0,1,2025
Emmanuel Agbadou,1997,CIV,12.2,0,0,2025
Enes Ünal,1997,TUR,2.6,1,0,2025
Enzo Fernández,2001,ARG,34.6,10,4,2025
Enzo Le Fée,2000,FRA,32.6,5,6,2025
Erling Haaland,2000,NOR,32.8,27,8,2025
Estêvão Willian,2007,BRA,9.4,2,2,2025
Ethan Ampadu,2000,WAL,34.7,1,1,2025
Ethan Nwaneri,2007,ENG,1.9,0,0,2025
Ethan Pinnock,1993,JAM,3.5,0,0,2025
Evanilson,1999,BRA,30.5,6,1,2025
Evann Guessand,2001,CIV,10.2,1,2,2025
Ezra Mayers,2007,BRB,1.3,0,0,2025
Ezri Konsa,1997,ENG,33.7,0,0,2025
Fabian Schär,1991,SUI,12.1,0,0,2025
Fabio Carvalho,2002,POR,1.1,1,0,2025
Facundo Buonanotte,2004,ARG,0.9,0,0,2025
Federico Chiesa,1997,ITA,3.8,2,1,2025
Fer López,2004,ESP,2.6,0,1,2025
Ferdi Kadioglu,1999,TUR,34.8,1,0,2025
Filip Jørgensen,2002,DEN,4.2,0,0,2025
Florentino Luís,1999,POR,23.4,0,2,2025
Florian Wirtz,2003,GER,26.4,5,3,2025
Frank Onyeka,1998,NGA,1.0,0,1,2025
Freddie Potts,2003,ENG,13.0,0,1,2025
Freddie Woodman,1997,ENG,2.4,0,0,2025
Gabriel Gudmundsson,1999,SWE,29.2,0,0,2025
Gabriel Jesus,1997,BRA,4.8,3,0,2025
Gabriel Magalhães,1997,BRA,30.6,3,4,2025
Gabriel Martinelli,2001,BRA,12.0,1,4,2025
George Earthy,2004,ENG,0.1,0,0,2025
George Hemmings,2007,ENG,0.3,0,0,2025
Georginio Rutter,2002,FRA,19.8,3,3,2025
Gianluigi Donnarumma,1999,ITA,34.0,0,0,2025
Giorgi Mamardashvili,2000,GEO,9.6,0,0,2025
Granit Xhaka,1992,SUI,32.3,1,6,2025
Guglielmo Vicario,1996,ITA,31.0,0,0,2025
Guido Rodríguez,1994,ARG,2.0,0,0,2025
Habib Diarra,2004,SEN,15.6,2,2,2025
Hamed Junior Traorè,2000,CIV,0.2,0,1,2025
Hannibal Mejbri,2003,TUN,13.7,1,4,2025
Harrison Armstrong,2007,ENG,5.9,0,0,2025
Harrison Reed,1995,ENG,1.0,1,0,2025
Harry Howell,2008,ENG,1.0,0,0,2025
Harry Maguire,1993,ENG,18.4,1,2,2025
Harry Wilson,1997,WAL,29.7,10,7,2025
Harvey Barnes,1997,ENG,21.8,7,1,2025
Harvey Elliott,2003,ENG,1.2,0,0,2025
Hjalmar Ekdal,1998,SWE,17.1,0,0,2025
Hugo Bueno,2002,ESP,26.3,1,2,2025
Hugo Ekitike,2002,FRA,20.0,11,4,2025
Hwang Hee-chan,1996,KOR,16.1,2,2,2025
Hákon Valdimarsson,2001,ISL,1.0,0,0,2025
Ian Maatsen,2002,NED,17.8,0,1,2025
Ibrahim Sangaré,1997,CIV,23.1,2,2,2025
Ibrahima Konaté,1999,FRA,34.3,1,0,2025
Idrissa Gueye,1989,SEN,23.3,2,3,2025
Igor,1998,BRA,1.2,0,0,2025
Igor Jesus,2001,BRA,25.5,6,4,2025
Igor Thiago,2001,BRA,36.5,22,1,2025
Ilia Gruev,2000,BUL,14.7,0,3,2025
Iliman Ndiaye,2000,SEN,30.9,6,3,2025
Ismaila Sarr,1998,SEN,24.2,9,1,2025
Issa Diop,1997,MAR,9.1,1,0,2025
Jack Fletcher,2007,ENG,1.2,0,0,2025
Jack Grealish,1995,ENG,18.1,2,6,2025
Jack Harrison,1996,ENG,3.0,0,0,2025
Jack Hinshelwood,2005,ENG,19.3,4,3,2025
Jackson Tchatchoua,2001,CMR,20.5,0,1,2025
Jacob Bruun Larsen,1998,DEN,11.4,0,1,2025
Jacob Murphy,1995,ENG,18.0,3,2,2025
Jacob Ramsey,2001,ENG,16.1,2,3,2025
Jadon Sancho,2000,ENG,9.7,0,2,2025
Jaidon Anthony,1999,ENG,30.2,8,2,2025
Jair Cunha,2005,BRA,5.7,0,0,2025
Jaka Bijol,1999,SVN,21.0,1,2,2025
Jake O'Brien,2001,IRL,34.7,1,1,2025
Jamaal Lascelles,1993,ENG,0.2,0,0,2025
Jamaldeen Jimoh,2006,ENG,0.1,0,0,2025
James Garner,2001,ENG,37.9,2,7,2025
James Hill,2002,ENG,23.4,0,3,2025
James Justin,1998,ENG,21.1,2,1,2025
James Maddison,1996,ENG,0.4,0,0,2025
James Mcatee,2002,ENG,3.3,0,1,2025
James Milner,1986,ENG,8.7,1,1,2025
James Rowswell,2006,ENG,0.0,0,0,2025
James Tarkowski,1992,ENG,37.0,2,3,2025
James Trafford,2002,ENG,4.0,0,0,2025
James Ward-Prowse,1994,ENG,12.2,0,1,2025
Jamie Gittens,2004,ENG,5.5,0,2,2025
Jan Paul van Hecke,2000,NED,35.7,3,3,2025
Jarrad Branthwaite,2002,ENG,7.6,1,0,2025
Jarrod Bowen,1996,ENG,37.8,9,11,2025
Jaydee Canvot,2006,FRA,14.8,0,0,2025
Jayden Bogle,2000,ENG,31.0,1,2,2025
Jaydon Amauri Banel,2004,NED,0.1,0,0,2025
Jean-Clair Todibo,1999,FRA,20.2,0,1,2025
Jean-Philippe Mateta,1997,FRA,24.6,12,0,2025
Jean-Ricner Bellegarde,1998,HAI,13.9,1,1,2025
Jefferson Lerma,1994,COL,19.3,0,2,2025
Jenson Seelt,2003,NED,1.5,0,0,2025
Jeremie Frimpong,2000,NED,11.6,0,1,2025
Jeremy Doku,2002,BEL,19.8,5,5,2025
Jerome Abbey,2009,ENG,0.2,0,0,2025
Jesse Derry,2007,ENG,0.5,0,0,2025
Jhon Arias,1997,COL,12.5,1,0,2025
Joachim Andersen,1996,DEN,31.9,0,1,2025
Jocelin Ta Bi,2005,CIV,0.4,0,0,2025
Joe Gomez,1997,ENG,6.7,0,2,2025
Joe Knight,2005,ENG,0.0,0,0,2025
Joe Rodon,1997,WAL,32.8,2,0,2025
Joe Willock,1999,ENG,10.9,0,2,2025
Joe Worrall,1997,ENG,5.6,0,0,2025
Joelinton,1996,BRA,21.7,2,1,2025
John,1996,BRA,4.9,0,0,2025
John McGinn,1994,SCO,23.7,5,4,2025
John Stones,1994,ENG,4.9,0,0,2025
Jonah Kusi-Asare,2007,SWE,0.6,0,0,2025
Jordan Henderson,1990,ENG,21.3,1,3,2025
Jordan Pickford,1994,ENG,38.0,0,0,2025
Jorge Cuenca,1999,ESP,10.4,0,0,2025
Jorrel Hato,2006,NED,12.8,0,0,2025
Josh Cullen,1996,IRL,16.8,2,2,2025
Josh Dasilva,1998,ENG,0.0,0,0,2025
Josh Laurent,1995,ENG,19.6,1,0,2025
Joshua Acheampong,2006,ENG,7.4,1,0,2025
Joshua King,2007,ENG,14.5,1,2,2025
Joshua Zirkzee,2001,NED,7.0,2,1,2025
José Sá,1993,POR,23.0,0,0,2025
Jota Silva,1999,POR,0.1,0,0,2025
João Gomes,2001,BRA,31.4,1,1,2025
João Palhinha,1995,POR,24.4,5,2,2025
João Pedro,2001,BRA,29.6,15,5,2025
Joél Drakes-Thomas,2009,ENG,0.1,0,0,2025
Joël Piroe,1999,SUR,2.9,0,0,2025
Joël Veltman,1992,NED,11.8,1,0,2025
Joško Gvardiol,2002,CRO,15.2,2,2,2025
Julio Soler,2005,ARG,0.4,0,0,2025
Jun'ai Byfield,2008,ENG,0.0,0,0,2025
Jurriën Timber,2001,NED,27.3,3,5,2025
Justin Devenny,2003,NIR,8.8,1,0,2025
Justin Kluivert,1999,NED,10.6,2,0,2025
Jørgen Strand Larsen,2000,NOR,25.6,4,1,2025
Kaden Rodney,2004,ENG,0.0,0,0,2025
Kai Havertz,1999,GER,6.5,2,3,2025
Kaoru Mitoma,1997,JPN,19.1,3,1,2025
Karl Darlow,1990,WAL,22.0,0,0,2025
Kaye Furo,2007,BEL,0.0,0,0,2025
Keane Lewis-Potter,2001,ENG,21.9,3,3,2025
Kenny Tete,1995,NED,19.9,1,0,2025
Kepa Arrizabalaga,1994,ESP,1.0,0,0,2025
Kevin,2003,BRA,11.6,1,1,2025
Kevin Danso,1998,AUT,16.6,0,0,2025
Kevin Schade,2001,GER,30.5,8,3,2025
Ki-Jana Hoever,2002,NED,4.7,0,0,2025
Kieran Trippier,1990,ENG,17.6,0,1,2025
Kiernan Dewsbury-Hall,1998,ENG,29.2,8,4,2025
Kobbie Mainoo,2005,ENG,18.5,1,2,2025
Konstantinos Mavropanos,1997,GRE,28.2,3,0,2025
Kristoffer Ajer,1998,NOR,20.1,0,1,2025
Kyle Walker,1990,ENG,34.4,0,2,2025
Kyle Walker-Peters,1997,ENG,15.4,1,0,2025
Ladislav Krejčí,1999,CZE,26.2,2,1,2025
Lamare Bogarde,2004,NED,11.7,0,0,2025
Leandro Trossard,1994,BEL,22.2,6,6,2025
Leny Yoro,2005,FRA,19.3,0,0,2025
Leon Bailey,1997,JAM,5.1,0,1,2025
Lesley Ugochukwu,2004,FRA,26.0,3,1,2025
Levi Colwill,2003,ENG,2.5,0,0,2025
Lewis Cook,1997,ENG,9.7,0,1,2025
Lewis Dunk,1991,ENG,31.5,1,0,2025
Lewis Hall,2004,ENG,24.2,1,1,2025
Lewis Miley,2006,ENG,16.6,1,4,2025
Liam Delap,2003,ENG,12.3,1,0,2025
Lisandro Martínez,1998,ARG,13.7,0,0,2025
Lorenzo Lucca,2000,ITA,1.4,1,0,2025
Loum Tchaouna,2003,FRA,14.1,2,1,2025
Luca Netz,2003,GER,4.0,0,0,2025
Lucas,2001,BRA,15.7,0,0,2025
Lucas Bergvall,2006,SWE,10.7,1,3,2025
Lucas Digne,1993,FRA,20.6,0,6,2025
Lucas Paquetá,1997,BRA,16.8,4,1,2025
Lucas Perri,1997,BRA,16.0,0,0,2025
Luis Guilherme,2006,BRA,1.4,0,0,2025
Lukas Nmecha,1998,GER,12.0,6,1,2025
Luke O'Nien,1994,ENG,6.3,0,1,2025
Luke Shaw,1995,ENG,35.8,1,1,2025
Lutsharel Geertruida,2000,NED,18.8,0,0,2025
Lyle Foster,2000,RSA,15.2,3,2,2025
Mads Hermansen,2000,DEN,18.0,0,1,2025
Malick Thiaw,2001,GER,32.9,4,0,2025
Malo Gusto,2003,FRA,25.1,2,3,2025
Mamadou Sarr,2005,SEN,1.1,0,0,2025
Manuel Ugarte,2001,URU,9.9,0,0,2025
Marc Cucurella,1998,ESP,30.1,1,4,2025
Marc Guiu,2006,ESP,3.1,0,1,2025
Marc Guéhi,2000,ENG,35.0,3,3,2025
Marco Bizot,1991,NED,6.5,0,0,2025
Marcos Senesi,1997,ARG,36.5,0,5,2025
Marcus Edwards,1998,ENG,11.9,1,3,2025
Marcus Tavernier,1999,ENG,30.3,7,4,2025
Marshall Munetsi,1996,ZIM,9.7,1,1,2025
Martin Dúbravka,1989,SVK,35.0,0,0,2025
Martin Ødegaard,1998,NOR,15.2,1,6,2025
Martín Zubimendi,1999,ESP,33.2,5,1,2025
Mason Mount,1999,ENG,11.3,3,0,2025
Mateo Kovačić,1994,CRO,1.4,0,1,2025
Mateus Fernandes,2004,POR,33.5,3,4,2025
Mateus Mane,2007,POR,19.9,3,1,2025
Matheus Cunha,1999,BRA,27.7,10,2,2025
Matheus Nunes,1998,POR,31.8,1,5,2025
Mathias Jensen,1996,DEN,25.0,3,1,2025
Mathys Tel,2005,FRA,15.0,4,1,2025
Mats Wieffer,1999,NED,21.1,2,3,2025
Matt Doherty,1992,IRL,8.7,0,0,2025
Matt O'Riley,2000,DEN,2.3,1,0,2025
Matthijs de Ligt,1999,NED,13.0,1,0,2025
Matty Cash,1997,POL,33.5,3,3,2025
Matz Sels,1992,BEL,29.6,0,0,2025
Max Alleyne,2005,ENG,1.5,0,0,2025
Max Dowman,2009,ENG,1.7,1,0,2025
Max Kilman,1997,ENG,17.3,0,0,2025
Max Weiß,2004,GER,3.0,0,0,2025
Maxence Lacroix,2000,FRA,34.3,1,2,2025
Maxim De Cuyper,2000,BEL,15.7,2,3,2025
Maxime Estève,2002,FRA,32.6,0,0,2025
Melker Ellborg,2003,SWE,3.0,0,0,2025
Merlin Röhl,2002,GER,7.6,1,0,2025
Michael Kayode,2004,ITA,36.2,1,1,2025
Michael Keane,1993,ENG,28.8,3,1,2025
Micky van de Ven,2001,NED,33.8,4,1,2025
Mike Trésor,1999,BEL,0.5,0,0,2025
Mikel Merino,1996,ESP,11.5,4,3,2025
Mikkel Damsgaard,2000,DEN,22.8,4,4,2025
Milos Kerkez,2003,HUN,25.1,2,1,2025
Mohamadou Kanté,2005,FRA,0.8,0,0,2025
Mohamed Salah,1992,EGY,23.8,7,7,2025
Mohammed Kudus,2000,GHA,17.1,2,5,2025
Moisés Caicedo,2001,ECU,31.1,3,1,2025
Morato,2001,BRA,14.9,1,0,2025
Morgan Gibbs-White,2000,ENG,34.4,15,4,2025
Morgan Rogers,2002,ENG,36.4,10,6,2025
Murillo,2002,BRA,23.7,1,0,2025
Myles Lewis-Skelly,2006,ENG,7.9,0,0,2025
Myles Peart-Harris,2002,ENG,0.0,0,0,2025
Nathan Aké,1995,NED,7.7,0,0,2025
Nathan Collins,2001,IRL,33.1,1,2,2025
Nathan Patterson,2001,SCO,2.7,0,0,2025
Nathaniel Clyne,1991,ENG,6.6,0,1,2025
Nayef Aguerd,1996,MAR,2.0,0,0,2025
Neco Williams,2001,WAL,35.6,2,3,2025
Nehemiah Oriola,2007,ENG,0.0,0,0,2025
Nick Pope,1992,ENG,26.8,0,0,2025
Nick Woltemade,2002,GER,21.1,8,3,2025
Niclas Füllkrug,1993,GER,4.5,0,0,2025
Nico O'Reilly,2005,ENG,29.4,5,3,2025
Nicolás Domínguez,1998,ARG,13.1,1,1,2025
Nicolás González,2002,ESP,17.4,1,0,2025
Nicolò Savona,2003,ITA,11.4,2,0,2025
Nikola Milenković,1997,SRB,37.5,0,0,2025
Nilson Angulo,2003,ECU,4.5,0,0,2025
Noah Okafor,2000,SUI,17.3,8,1,2025
Noah Sadiki,2004,COD,32.1,0,1,2025
Noni Madueke,2002,ENG,13.5,3,1,2025
Nordi Mukiele,1997,FRA,30.9,3,3,2025
Noussair Mazraoui,1997,MAR,10.9,0,0,2025
Odsonne Édouard,1998,FRA,0.0,0,0,2025
Ola Aina,1996,NGA,17.6,0,0,2025
Oleksandr Zinchenko,1996,UKR,3.9,0,0,2025
Oliver Scarles,2005,ENG,7.3,0,0,2025
Oliver Sonne,2000,PER,1.9,1,0,2025
Olivier Boscagli,1997,FRA,8.9,0,1,2025
Ollie Watkins,1995,ENG,31.5,16,3,2025
Omar Alderete,1996,PAR,31.1,1,1,2025
Omar Marmoush,1999,EGY,7.8,3,3,2025
Omari Hutchinson,2003,ENG,18.8,1,5,2025
Oscar Bobb,2003,NOR,11.5,0,1,2025
Pablo,2004,BRA,9.1,0,1,2025
Pape Matar Sarr,2002,SEN,15.5,2,4,2025
Pascal Groß,1991,GER,18.2,1,3,2025
Pascal Struijk,1999,NED,32.6,0,1,2025
Patrick Dorgu,2004,DEN,16.1,4,4,2025
Patrick Roberts,1997,ENG,0.3,0,0,2025
Pau Torres,1997,ESP,18.6,0,0,2025
Pedro Lima,2006,BRA,2.9,0,0,2025
Pedro Neto,2000,POR,29.2,5,6,2025
Pedro Porro,1999,ESP,31.1,1,2,2025
Phil Foden,2000,ENG,23.2,7,5,2025
Piero Hincapié,2002,ECU,19.9,1,2,2025
Quilindschy Hartman,2001,NED,20.3,0,5,2025
Radu Drăgușin,2002,ROU,5.7,0,0,2025
Randal Kolo Muani,1998,FRA,18.5,1,1,2025
Rayan,2006,BRA,12.3,5,2,2025
Rayan Aït-Nouri,2001,ALG,10.8,0,2,2025
Rayan Cherki,2003,FRA,19.8,4,12,2025
Raúl Jiménez,1991,MEX,24.3,9,3,2025
Reece James,1999,ENG,21.8,2,4,2025
Reinildo Mandava,1994,MOZ,21.8,0,1,2025
Reiss Nelson,1999,ENG,1.4,0,1,2025
Riccardo Calafiori,2002,ITA,18.9,1,2,2025
Richarlison,1997,BRA,21.8,11,4,2025
Rico Henry,1997,JAM,14.8,0,1,2025
Rico Lewis,2004,ENG,4.5,0,1,2025
Rio Cardines,2006,TRI,1.0,0,0,2025
Rio Ngumoha,2008,ENG,6.2,2,1,2025
Robert Sánchez,1997,ESP,33.8,0,1,2025
Robin Roefs,2003,NED,35.0,0,0,2025
Rodri,1996,ESP,16.8,1,0,2025
Rodrigo Bentancur,1997,URU,20.9,1,1,2025
Rodrigo Gomes,2003,POR,10.7,3,0,2025
Rodrigo Muniz,2001,BRA,11.1,1,1,2025
Romain Esse,2005,ENG,0.5,0,0,2025
Romaine Mundle,2003,ENG,4.6,0,0,2025
Romelle Donovan,2006,ENG,0.5,0,0,2025
Roméo Lavia,2004,BEL,4.2,0,0,2025
Ross Barkley,1993,ENG,9.5,3,1,2025
Ryan Christie,1995,SCO,11.0,2,0,2025
Ryan Gravenberch,2002,NED,33.2,5,3,2025
Ryan Sessegnon,2000,ENG,20.3,3,1,2025
Ryan Yates,1997,ENG,6.9,0,2,2025
Rúben Dias,1997,POR,23.8,2,0,2025
Sam Byram,1993,ENG,0.1,0,0,2025
Sam Johnstone,1993,ENG,12.0,0,0,2025
Samuel Chukwueze,1999,NGA,12.0,3,4,2025
Sander Berge,1998,NOR,32.3,0,1,2025
Sandro Tonali,2000,ITA,28.2,0,2,2025
Santiago Bueno,1998,URU,28.4,3,1,2025
Saša Kalajdžić,1997,AUT,0.2,0,0,2025
Saša Lukić,1996,SRB,19.3,1,2,2025
Sean Longstaff,1997,ENG,11.2,2,2,2025
Sean Neave,2007,ENG,0.2,0,0,2025
Sebastiaan Bornauw,1999,BEL,4.8,0,0,2025
Senne Lammens,2002,BEL,32.0,0,0,2025
Sepp van den Berg,2001,NED,30.7,0,2,2025
Shea Lacey,2007,ENG,0.5,0,0,2025
Shumaira Mheuka,2007,ENG,0.0,0,0,2025
Simon Adingra,2002,CIV,7.3,1,0,2025
Solly March,1994,ENG,0.5,0,0,2025
Soungoutou Magassa,2003,FRA,10.9,1,0,2025
Souza,2006,BRA,1.6,0,0,2025
Stefan Ortega,1992,GER,3.0,0,0,2025
Stefanos Tzimas,2006,GRE,1.5,1,1,2025
Sven Botman,2000,NED,20.4,1,1,2025
Sávio,2004,BRA,9.3,1,1,2025
Séamus Coleman,1988,IRL,0.2,0,0,2025
Taiwo Awoniyi,1997,NGA,5.5,4,1,2025
Tammy Abraham,1997,ENG,3.2,2,0,2025
Tawanda Chirewa,2003,ZIM,0.3,0,0,2025
Thierno Barry,2002,FRA,21.3,8,0,2025
Tijjani Reijnders,1998,NED,18.1,5,2,2025
Tim Iroegbunam,2003,ENG,16.5,0,2,2025
Timothy Castagne,1995,BEL,20.5,0,0,2025
Tino Livramento,2002,ENG,14.8,0,1,2025
Tolu Arokodare,2000,NGA,15.8,3,1,2025
Tom Cairney,1991,SCO,8.6,2,0,2025
Tom Edozie,2006,ENG,0.2,1,0,2025
Tom Watson,2006,ENG,0.7,0,0,2025
Tomáš Souček,1995,CZE,24.4,5,0,2025
Tosin Adarabioyo,1997,ENG,8.8,0,0,2025
Toti Gomes,1999,POR,15.8,0,0,2025
Trai Hume,2002,NIR,33.7,2,1,2025
Trevoh Chalobah,1999,ENG,30.9,3,0,2025
Trey Nyoni,2007,ENG,0.3,0,0,2025
Tyler Adams,1999,USA,19.7,2,2,2025
Tyler Dibling,2006,ENG,4.0,0,0,2025
Tyler Fletcher,2007,SCO,0.2,0,0,2025
Tyler Fredricson,2005,ENG,0.0,0,0,2025
Tyrell Malacia,1999,NED,0.2,0,0,2025
Tyrick Mitchell,1999,ENG,36.1,1,2,2025
Tyrique George,2006,ENG,4.0,0,0,2025
Tyrone Mings,1993,ENG,14.7,0,0,2025
Valentín Castellanos,1998,ARG,15.4,6,0,2025
Veljko Milosavljević,2007,SRB,4.1,0,0,2025
Victor Lindelöf,1994,SWE,10.5,0,1,2025
Viktor Gyökeres,1998,SWE,24.7,14,1,2025
Virgil van Dijk,1991,NED,38.0,6,0,2025
Vitaliy Mykolenko,1999,UKR,32.9,0,1,2025
Vitaly Janelt,1998,GER,16.0,1,4,2025
Walter Benítez,1993,ARG,1.0,0,0,2025
Wataru Endo,1993,JPN,1.9,0,1,2025
Wesley Fofana,2000,FRA,19.1,0,1,2025
Wilfried Gnonto,2003,ITA,6.0,0,1,2025
Will Hughes,1995,ENG,17.5,0,0,2025
William Osula,2003,DEN,9.1,7,0,2025
William Saliba,2001,FRA,29.0,1,0,2025
Wilson Isidor,2000,HAI,12.9,6,0,2025
Wilson Odobert,2004,FRA,10.9,0,2,2025
Xavi Simons,2003,NED,19.5,2,5,2025
Yankuba Minteh,2004,GAM,26.6,3,4,2025
Yasin Ayari,2003,SWE,21.4,3,3,2025
Yehor Yarmoliuk,2004,UKR,29.5,1,2,2025
Yerson Mosquera,2001,COL,23.7,0,0,2025
Yoane Wissa,1996,COD,5.9,1,1,2025
Youri Tielemans,1997,BEL,20.7,0,4,2025
Yves Bissouma,1996,MLI,6.7,0,0,2025
Yéremy Pino,2002,ESP,23.1,2,2,2025
Zach Abbott,2006,ENG,1.8,0,0,2025
Zeki Amdouni,2000,SUI,0.8,0,0,2025
Zian Flemming,1998,NED,19.7,11,0,2025
Álex Jiménez,2005,ESP,25.7,1,0,2025
Đorđe Petrović,1999,SRB,38.0,0,0,2025
